beta,Error
5,1.0492879425214168
10,1.0611303476862894
