alpha,Error
0.01,1.066789146082526
0.1,1.0436291441251802
