eps,Error
0.01,1.0311722663785268
0.05,1.0792460238291794
