,p,T,eps,n,alpha,beta,gamma,Error
0,3,2,0.01,2,0.01,5,0.9,1.019541894
1,3,2,0.01,2,0.01,5,1,1
2,3,2,0.01,2,0.01,10,0.9,1
3,3,2,0.01,2,0.01,10,1,1.036565104
4,3,2,0.01,2,0.1,5,0.9,1
5,3,2,0.01,2,0.1,5,1,1.040726501
6,3,2,0.01,2,0.1,10,0.9,1
7,3,2,0.01,2,0.1,10,1,1
8,3,2,0.01,3,0.01,5,0.9,1
9,3,2,0.01,3,0.01,5,1,1.019541894
10,3,2,0.01,3,0.01,10,0.9,1.04106836
11,3,2,0.01,3,0.01,10,1,OverFlow
