gamma,Error
0.9,1.0461483405016663
1.0,1.0642699497060402
